Austin Logan,2007-07-24
Ashley Charles,2005-11-17
Juan Garcia,2013-11-12
Ethan Newman,2022-08-01
Andrew Joyce,2022-01-25
Nancy Cain,1996-02-29
Mr. Scott White DVM,1995-04-07
Michelle Reid,2006-10-17
Dr. Shane Hamilton,2022-09-11
Darren Krause,2008-03-18
Ryan Fuller,2001-03-13
Marissa Bender,2003-10-14
Olivia Ferguson DDS,2021-08-13
Casey Glover,2001-09-22
Patricia Coleman,1992-01-12
Joe Smith,2018-04-06
John Bradley,2001-03-13
Alexandra Zimmerman,2009-05-27
Cory Richards,2021-10-14
Patricia Green,2018-02-24
Linda Allen,2017-09-15
Katherine Griffith,2009-05-08
Renee Crawford,2019-08-24
Cheryl Murray,2010-04-11
Dr. Dana Reed,2015-09-28
Jeffrey Lynch,2021-01-21
Jessica Nguyen,1996-11-07
John Reed,2006-05-24
Scott Lynn,2000-12-06
Robert Woodard,1995-09-14
Holly Nelson,2001-10-03
Diana Reynolds,2014-09-17
Greg Orr,2017-07-18
Stephanie Montgomery,1998-09-05
Shannon Aguilar,1994-11-09
Isaiah Jefferson,1994-06-20
Jonathan Huffman,2021-05-02
Desiree Obrien,2018-10-29
Corey Gill,2006-04-18
Randall Caldwell,1997-10-26
Keith Saunders,2019-08-02
Michaela Mason,1995-02-06
Timothy Padilla,2011-08-21
Heather Howard,1992-05-08
Maria Washington,1995-01-28
Michelle Garcia,2001-11-15
Rita Martin,2011-11-16
Mrs. Cynthia Davidson,2014-12-24
Laura Simmons,1993-05-11
Evelyn Guzman,1993-12-03
Jasmine Jones,2009-02-12
Lisa Charles,1991-12-13
Michael Clark,1992-02-06
Suzanne Johnson,2013-11-12
Yesenia Cunningham,1991-12-02
Jody Costa,2006-05-23
Matthew Stevens,2015-09-01
Nancy Adkins,2018-12-09
Cynthia Snyder,2003-11-12
Miranda Fuentes,2002-07-15
Susan Vazquez,1991-03-17
Craig Mitchell,2015-03-12
Alexandria Mckay,1998-11-12
Sabrina Smith,1997-05-18
Jason Cook,2022-10-21
Miguel Robertson Jr.,2012-03-04
Alexandra Peterson,2011-11-28
Nathaniel Duke,2020-11-02
Sara Valentine,2007-12-17
Jennifer Flores,2017-06-21
James Thompson DDS,2014-03-27
Kristopher Williams,2000-08-29
Kimberly Robinson,1992-07-16
Robert Clay,1991-12-12
Sean Shelton,2018-09-28
Marilyn Reed,2012-02-19
Samantha Peterson,1990-10-29
Larry Hill,2010-07-23
Christina Lopez,2015-04-18
Joseph Smith,2004-08-21
Nicole King,2015-11-25
Hayley Meyer,2002-10-10
Eric Watson,2016-01-02
Susan Brown,2007-05-07
Daniel Watkins,2020-04-04
Gabrielle Rollins,2001-01-15
Eric Tapia,2010-09-17
Terry Morales,2020-08-26
Christina Mcintyre,2010-12-01
Joshua Cooper,2001-01-11
Natasha Long,2004-08-21
Stacy Lawson,2005-07-09
Erica Zamora,1991-02-20
Matthew Moran,2008-08-03
Amber Brown,2016-05-06
Eric Johnson,2018-03-21
William Martin,2015-09-10
Michael Sparks,2015-11-24
Melissa Rodriguez,1992-08-07
Amy Jones,2018-12-18
